experiment	freq
frozenset({nan, 'M3541', 'ONCOLEAD_CELL_A204', 'Doxorubicin'})	2
frozenset({nan, 'M3541', 'ONCOLEAD_CELL_A549', 'Doxorubicin'})	2
frozenset({nan, 'M3541', 'ONCOLEAD_CELL_ASPC1', 'Doxorubicin'})	2
frozenset({nan, 'M3541', 'ONCOLEAD_CELL_BXPC3', 'Doxorubicin'})	2
frozenset({nan, 'M3541', 'Doxorubicin', 'ONCOLEAD_CELL_COLO205'})	2
frozenset({nan, 'M3541', 'ONCOLEAD_CELL_DU145', 'Doxorubicin'})	2
frozenset({nan, 'M3541', 'Doxorubicin', 'ONCOLEAD_CELL_HEPG2'})	2
frozenset({nan, 'M3541', 'Doxorubicin', 'ONCOLEAD_CELL_HT1080'})	2
frozenset({nan, 'M3541', 'Doxorubicin', 'ONCOLEAD_CELL_HT29'})	2
frozenset({nan, 'M3541', 'ONCOLEAD_CELL_IGROV1', 'Doxorubicin'})	2
frozenset({nan, 'M3541', 'ONCOLEAD_CELL_KASUMI1', 'Doxorubicin'})	2
frozenset({nan, 'M3541', 'ONCOLEAD_CELL_LOVO', 'Doxorubicin'})	2
frozenset({nan, 'M3541', 'Doxorubicin', 'ONCOLEAD_CELL_MDAMB231'})	2
frozenset({nan, 'M3541', 'ONCOLEAD_CELL_MDAMB435', 'Doxorubicin'})	2
frozenset({nan, 'M3541', 'Doxorubicin', 'ONCOLEAD_CELL_MDAMB436'})	2
frozenset({nan, 'ONCOLEAD_CELL_MHHES1', 'Doxorubicin', 'M3541'})	2
frozenset({nan, 'M3541', 'ONCOLEAD_CELL_MIAPACA2', 'Doxorubicin'})	2
frozenset({nan, 'M3541', 'ONCOLEAD_CELL_MV411', 'Doxorubicin'})	2
frozenset({nan, 'M3541', 'ONCOLEAD_CELL_NCIH460', 'Doxorubicin'})	2
frozenset({nan, 'M3541', 'ONCOLEAD_CELL_PANC1', 'Doxorubicin'})	2
frozenset({nan, 'M3541', 'Doxorubicin', 'ONCOLEAD_CELL_RAMOS'})	2
frozenset({nan, 'M3541', 'Doxorubicin', 'ONCOLEAD_CELL_RDES'})	2
frozenset({nan, 'M3541', 'ONCOLEAD_CELL_SAOS2', 'Doxorubicin'})	2
frozenset({nan, 'M3541', 'Doxorubicin', 'ONCOLEAD_CELL_SW620'})	2
frozenset({nan, 'M3541', 'ONCOLEAD_CELL_U2OS', 'Doxorubicin'})	2
frozenset({nan, 'ONCOLEAD_CELL_U87MG', 'Doxorubicin', 'M3541'})	2
frozenset({nan, 'M3541', 'ONCOLEAD_CELL_WSUNHL', 'Doxorubicin'})	2
frozenset({nan, 'ONCOLEAD_CELL_A204', 'Doxorubicin', 'M3814'})	2
frozenset({nan, 'ONCOLEAD_CELL_A549', 'Doxorubicin', 'M3814'})	2
frozenset({nan, 'ONCOLEAD_CELL_ASPC1', 'Doxorubicin', 'M3814'})	2
frozenset({nan, 'ONCOLEAD_CELL_BXPC3', 'Doxorubicin', 'M3814'})	2
frozenset({nan, 'Doxorubicin', 'ONCOLEAD_CELL_COLO205', 'M3814'})	2
frozenset({nan, 'ONCOLEAD_CELL_DU145', 'Doxorubicin', 'M3814'})	2
frozenset({nan, 'Doxorubicin', 'ONCOLEAD_CELL_HEPG2', 'M3814'})	2
frozenset({nan, 'Doxorubicin', 'M3814', 'ONCOLEAD_CELL_HT1080'})	2
frozenset({nan, 'Doxorubicin', 'ONCOLEAD_CELL_HT29', 'M3814'})	2
frozenset({nan, 'ONCOLEAD_CELL_IGROV1', 'Doxorubicin', 'M3814'})	2
frozenset({nan, 'ONCOLEAD_CELL_KASUMI1', 'Doxorubicin', 'M3814'})	2
frozenset({nan, 'ONCOLEAD_CELL_LOVO', 'Doxorubicin', 'M3814'})	2
frozenset({nan, 'Doxorubicin', 'M3814', 'ONCOLEAD_CELL_MDAMB231'})	2
frozenset({nan, 'ONCOLEAD_CELL_MDAMB435', 'Doxorubicin', 'M3814'})	2
frozenset({nan, 'Doxorubicin', 'M3814', 'ONCOLEAD_CELL_MDAMB436'})	2
frozenset({nan, 'ONCOLEAD_CELL_MHHES1', 'Doxorubicin', 'M3814'})	2
frozenset({nan, 'ONCOLEAD_CELL_MIAPACA2', 'Doxorubicin', 'M3814'})	2
frozenset({nan, 'ONCOLEAD_CELL_MV411', 'Doxorubicin', 'M3814'})	2
frozenset({nan, 'ONCOLEAD_CELL_NCIH460', 'Doxorubicin', 'M3814'})	2
frozenset({nan, 'ONCOLEAD_CELL_PANC1', 'Doxorubicin', 'M3814'})	2
frozenset({nan, 'Doxorubicin', 'ONCOLEAD_CELL_RAMOS', 'M3814'})	2
frozenset({nan, 'Doxorubicin', 'M3814', 'ONCOLEAD_CELL_RDES'})	2
frozenset({nan, 'ONCOLEAD_CELL_SAOS2', 'Doxorubicin', 'M3814'})	2
frozenset({nan, 'Doxorubicin', 'M3814', 'ONCOLEAD_CELL_SW620'})	2
frozenset({nan, 'ONCOLEAD_CELL_U2OS', 'Doxorubicin', 'M3814'})	2
frozenset({nan, 'ONCOLEAD_CELL_U87MG', 'Doxorubicin', 'M3814'})	2
frozenset({nan, 'ONCOLEAD_CELL_WSUNHL', 'Doxorubicin', 'M3814'})	2
frozenset({nan, 'M3541', 'ONCOLEAD_CELL_A204', 'PD0332991_Palbociclib'})	2
frozenset({nan, 'M3541', 'ONCOLEAD_CELL_A549', 'PD0332991_Palbociclib'})	2
frozenset({nan, 'M3541', 'ONCOLEAD_CELL_ASPC1', 'PD0332991_Palbociclib'})	2
frozenset({nan, 'M3541', 'ONCOLEAD_CELL_BXPC3', 'PD0332991_Palbociclib'})	2
frozenset({nan, 'M3541', 'ONCOLEAD_CELL_COLO205', 'PD0332991_Palbociclib'})	2
frozenset({nan, 'M3541', 'ONCOLEAD_CELL_DU145', 'PD0332991_Palbociclib'})	2
frozenset({nan, 'M3541', 'ONCOLEAD_CELL_HEPG2', 'PD0332991_Palbociclib'})	2
frozenset({nan, 'M3541', 'PD0332991_Palbociclib', 'ONCOLEAD_CELL_HT1080'})	2
frozenset({nan, 'M3541', 'ONCOLEAD_CELL_HT29', 'PD0332991_Palbociclib'})	2
frozenset({nan, 'M3541', 'ONCOLEAD_CELL_IGROV1', 'PD0332991_Palbociclib'})	2
frozenset({nan, 'M3541', 'ONCOLEAD_CELL_KASUMI1', 'PD0332991_Palbociclib'})	2
frozenset({nan, 'M3541', 'ONCOLEAD_CELL_LOVO', 'PD0332991_Palbociclib'})	2
frozenset({nan, 'M3541', 'PD0332991_Palbociclib', 'ONCOLEAD_CELL_MDAMB231'})	2
frozenset({nan, 'M3541', 'ONCOLEAD_CELL_MDAMB435', 'PD0332991_Palbociclib'})	2
frozenset({nan, 'M3541', 'PD0332991_Palbociclib', 'ONCOLEAD_CELL_MDAMB436'})	2
frozenset({nan, 'ONCOLEAD_CELL_MHHES1', 'PD0332991_Palbociclib', 'M3541'})	2
frozenset({nan, 'M3541', 'ONCOLEAD_CELL_MIAPACA2', 'PD0332991_Palbociclib'})	2
frozenset({nan, 'M3541', 'ONCOLEAD_CELL_MV411', 'PD0332991_Palbociclib'})	2
frozenset({nan, 'M3541', 'ONCOLEAD_CELL_NCIH460', 'PD0332991_Palbociclib'})	2
frozenset({nan, 'M3541', 'ONCOLEAD_CELL_PANC1', 'PD0332991_Palbociclib'})	2
frozenset({nan, 'M3541', 'ONCOLEAD_CELL_RAMOS', 'PD0332991_Palbociclib'})	2
frozenset({nan, 'M3541', 'PD0332991_Palbociclib', 'ONCOLEAD_CELL_RDES'})	2
frozenset({nan, 'M3541', 'ONCOLEAD_CELL_SAOS2', 'PD0332991_Palbociclib'})	2
frozenset({nan, 'M3541', 'PD0332991_Palbociclib', 'ONCOLEAD_CELL_SW620'})	2
frozenset({nan, 'M3541', 'ONCOLEAD_CELL_U2OS', 'PD0332991_Palbociclib'})	2
frozenset({nan, 'ONCOLEAD_CELL_U87MG', 'PD0332991_Palbociclib', 'M3541'})	2
frozenset({nan, 'M3541', 'ONCOLEAD_CELL_WSUNHL', 'PD0332991_Palbociclib'})	2
frozenset({nan, 'PD0332991_Palbociclib', 'ONCOLEAD_CELL_A204', 'M3814'})	2
frozenset({nan, 'PD0332991_Palbociclib', 'ONCOLEAD_CELL_A549', 'M3814'})	2
frozenset({nan, 'PD0332991_Palbociclib', 'ONCOLEAD_CELL_ASPC1', 'M3814'})	2
frozenset({nan, 'PD0332991_Palbociclib', 'ONCOLEAD_CELL_BXPC3', 'M3814'})	2
frozenset({nan, 'PD0332991_Palbociclib', 'ONCOLEAD_CELL_COLO205', 'M3814'})	2
frozenset({nan, 'PD0332991_Palbociclib', 'ONCOLEAD_CELL_DU145', 'M3814'})	2
frozenset({nan, 'PD0332991_Palbociclib', 'ONCOLEAD_CELL_HEPG2', 'M3814'})	2
frozenset({nan, 'PD0332991_Palbociclib', 'M3814', 'ONCOLEAD_CELL_HT1080'})	2
frozenset({nan, 'PD0332991_Palbociclib', 'ONCOLEAD_CELL_HT29', 'M3814'})	2
frozenset({nan, 'PD0332991_Palbociclib', 'ONCOLEAD_CELL_IGROV1', 'M3814'})	2
frozenset({nan, 'PD0332991_Palbociclib', 'ONCOLEAD_CELL_KASUMI1', 'M3814'})	2
frozenset({nan, 'PD0332991_Palbociclib', 'ONCOLEAD_CELL_LOVO', 'M3814'})	2
frozenset({nan, 'PD0332991_Palbociclib', 'M3814', 'ONCOLEAD_CELL_MDAMB231'})	2
frozenset({nan, 'PD0332991_Palbociclib', 'ONCOLEAD_CELL_MDAMB435', 'M3814'})	2
frozenset({nan, 'PD0332991_Palbociclib', 'M3814', 'ONCOLEAD_CELL_MDAMB436'})	2
frozenset({nan, 'ONCOLEAD_CELL_MHHES1', 'M3814', 'PD0332991_Palbociclib'})	2
frozenset({nan, 'PD0332991_Palbociclib', 'ONCOLEAD_CELL_MIAPACA2', 'M3814'})	2
frozenset({nan, 'PD0332991_Palbociclib', 'ONCOLEAD_CELL_MV411', 'M3814'})	2
frozenset({nan, 'PD0332991_Palbociclib', 'ONCOLEAD_CELL_NCIH460', 'M3814'})	2
frozenset({nan, 'PD0332991_Palbociclib', 'ONCOLEAD_CELL_PANC1', 'M3814'})	2
frozenset({nan, 'PD0332991_Palbociclib', 'ONCOLEAD_CELL_RAMOS', 'M3814'})	2
frozenset({nan, 'PD0332991_Palbociclib', 'M3814', 'ONCOLEAD_CELL_RDES'})	2
frozenset({nan, 'PD0332991_Palbociclib', 'ONCOLEAD_CELL_SAOS2', 'M3814'})	2
frozenset({nan, 'PD0332991_Palbociclib', 'M3814', 'ONCOLEAD_CELL_SW620'})	2
frozenset({nan, 'PD0332991_Palbociclib', 'ONCOLEAD_CELL_U2OS', 'M3814'})	2
frozenset({nan, 'ONCOLEAD_CELL_U87MG', 'M3814', 'PD0332991_Palbociclib'})	2
frozenset({nan, 'PD0332991_Palbociclib', 'ONCOLEAD_CELL_WSUNHL', 'M3814'})	2
frozenset({'PD0332991_Palbociclib', 'ONCOLEAD_CELL_A204', 'M3814_M3541', '300nM_500nM'})	2
frozenset({'PD0332991_Palbociclib', 'ONCOLEAD_CELL_A549', 'M3814_M3541', '300nM_500nM'})	2
frozenset({'PD0332991_Palbociclib', 'ONCOLEAD_CELL_ASPC1', 'M3814_M3541', '300nM_500nM'})	2
frozenset({'PD0332991_Palbociclib', 'ONCOLEAD_CELL_BXPC3', 'M3814_M3541', '300nM_500nM'})	2
frozenset({'PD0332991_Palbociclib', 'M3814_M3541', '300nM_500nM', 'ONCOLEAD_CELL_COLO205'})	2
frozenset({'PD0332991_Palbociclib', 'M3814_M3541', '300nM_500nM', 'ONCOLEAD_CELL_DU145'})	2
frozenset({'PD0332991_Palbociclib', 'M3814_M3541', '300nM_500nM', 'ONCOLEAD_CELL_HEPG2'})	2
frozenset({'PD0332991_Palbociclib', 'M3814_M3541', '300nM_500nM', 'ONCOLEAD_CELL_HT1080'})	2
frozenset({'PD0332991_Palbociclib', 'M3814_M3541', '300nM_500nM', 'ONCOLEAD_CELL_HT29'})	2
frozenset({'PD0332991_Palbociclib', 'ONCOLEAD_CELL_IGROV1', 'M3814_M3541', '300nM_500nM'})	2
frozenset({'PD0332991_Palbociclib', 'ONCOLEAD_CELL_KASUMI1', '300nM_500nM', 'M3814_M3541'})	2
frozenset({'ONCOLEAD_CELL_LOVO', 'PD0332991_Palbociclib', 'M3814_M3541', '300nM_500nM'})	2
frozenset({'PD0332991_Palbociclib', 'M3814_M3541', '300nM_500nM', 'ONCOLEAD_CELL_MDAMB231'})	2
frozenset({'ONCOLEAD_CELL_MDAMB435', 'PD0332991_Palbociclib', 'M3814_M3541', '300nM_500nM'})	2
frozenset({'PD0332991_Palbociclib', 'M3814_M3541', '300nM_500nM', 'ONCOLEAD_CELL_MDAMB436'})	2
frozenset({'PD0332991_Palbociclib', 'ONCOLEAD_CELL_MHHES1', 'M3814_M3541', '300nM_500nM'})	2
frozenset({'PD0332991_Palbociclib', 'ONCOLEAD_CELL_MIAPACA2', '300nM_500nM', 'M3814_M3541'})	2
frozenset({'PD0332991_Palbociclib', 'ONCOLEAD_CELL_MV411', '300nM_500nM', 'M3814_M3541'})	2
frozenset({'PD0332991_Palbociclib', 'ONCOLEAD_CELL_NCIH460', '300nM_500nM', 'M3814_M3541'})	2
frozenset({'PD0332991_Palbociclib', 'M3814_M3541', '300nM_500nM', 'ONCOLEAD_CELL_PANC1'})	2
frozenset({'PD0332991_Palbociclib', 'M3814_M3541', '300nM_500nM', 'ONCOLEAD_CELL_RAMOS'})	2
frozenset({'PD0332991_Palbociclib', 'M3814_M3541', '300nM_500nM', 'ONCOLEAD_CELL_RDES'})	2
frozenset({'ONCOLEAD_CELL_SAOS2', 'PD0332991_Palbociclib', 'M3814_M3541', '300nM_500nM'})	2
frozenset({'PD0332991_Palbociclib', 'M3814_M3541', '300nM_500nM', 'ONCOLEAD_CELL_SW620'})	2
frozenset({'PD0332991_Palbociclib', 'ONCOLEAD_CELL_U2OS', 'M3814_M3541', '300nM_500nM'})	2
frozenset({'PD0332991_Palbociclib', 'ONCOLEAD_CELL_U87MG', 'M3814_M3541', '300nM_500nM'})	2
frozenset({'PD0332991_Palbociclib', 'ONCOLEAD_CELL_WSUNHL', 'M3814_M3541', '300nM_500nM'})	2
frozenset({nan, 'PD0332991_Palbociclib', 'ONCOLEAD_CELL_A204', 'M4076'})	2
frozenset({nan, 'PD0332991_Palbociclib', 'ONCOLEAD_CELL_A549', 'M4076'})	2
frozenset({nan, 'PD0332991_Palbociclib', 'ONCOLEAD_CELL_ASPC1', 'M4076'})	2
frozenset({nan, 'PD0332991_Palbociclib', 'ONCOLEAD_CELL_BXPC3', 'M4076'})	2
frozenset({nan, 'M4076', 'ONCOLEAD_CELL_COLO205', 'PD0332991_Palbociclib'})	2
frozenset({nan, 'PD0332991_Palbociclib', 'ONCOLEAD_CELL_DU145', 'M4076'})	2
frozenset({nan, 'M4076', 'ONCOLEAD_CELL_HEPG2', 'PD0332991_Palbociclib'})	2
frozenset({nan, 'PD0332991_Palbociclib', 'ONCOLEAD_CELL_HL60', 'M4076'})	2
frozenset({nan, 'PD0332991_Palbociclib', 'ONCOLEAD_CELL_HT29', 'M4076'})	2
frozenset({nan, 'PD0332991_Palbociclib', 'ONCOLEAD_CELL_IGROV1', 'M4076'})	2
frozenset({nan, 'PD0332991_Palbociclib', 'ONCOLEAD_CELL_LOVO', 'M4076'})	2
frozenset({nan, 'PD0332991_Palbociclib', 'M4076', 'ONCOLEAD_CELL_MDAMB231'})	2
frozenset({nan, 'PD0332991_Palbociclib', 'ONCOLEAD_CELL_MDAMB435', 'M4076'})	2
frozenset({nan, 'PD0332991_Palbociclib', 'M4076', 'ONCOLEAD_CELL_MDAMB436'})	2
frozenset({nan, 'ONCOLEAD_CELL_MHHES1', 'M4076', 'PD0332991_Palbociclib'})	2
frozenset({nan, 'PD0332991_Palbociclib', 'ONCOLEAD_CELL_MIAPACA2', 'M4076'})	2
frozenset({nan, 'PD0332991_Palbociclib', 'ONCOLEAD_CELL_MV411', 'M4076'})	2
frozenset({nan, 'PD0332991_Palbociclib', 'ONCOLEAD_CELL_NCIH460', 'M4076'})	2
frozenset({nan, 'PD0332991_Palbociclib', 'ONCOLEAD_CELL_PANC1', 'M4076'})	2
frozenset({nan, 'PD0332991_Palbociclib', 'ONCOLEAD_CELL_RAMOS', 'M4076'})	2
frozenset({nan, 'PD0332991_Palbociclib', 'M4076', 'ONCOLEAD_CELL_RDES'})	2
frozenset({nan, 'PD0332991_Palbociclib', 'ONCOLEAD_CELL_SAOS2', 'M4076'})	2
frozenset({nan, 'PD0332991_Palbociclib', 'M4076', 'ONCOLEAD_CELL_SW620'})	2
frozenset({nan, 'PD0332991_Palbociclib', 'ONCOLEAD_CELL_U2OS', 'M4076'})	2
frozenset({nan, 'ONCOLEAD_CELL_U87MG', 'M4076', 'PD0332991_Palbociclib'})	2
frozenset({nan, 'PD0332991_Palbociclib', 'ONCOLEAD_CELL_WSUNHL', 'M4076'})	2
frozenset({nan, 'VX970_Berzosertib_M6620', 'ONCOLEAD_CELL_A204', 'M4076'})	4
frozenset({nan, 'VX970_Berzosertib_M6620', 'ONCOLEAD_CELL_A549', 'M4076'})	4
frozenset({nan, 'VX970_Berzosertib_M6620', 'ONCOLEAD_CELL_ASPC1', 'M4076'})	4
frozenset({nan, 'VX970_Berzosertib_M6620', 'ONCOLEAD_CELL_BXPC3', 'M4076'})	4
frozenset({nan, 'VX970_Berzosertib_M6620', 'M4076', 'ONCOLEAD_CELL_COLO205'})	4
frozenset({nan, 'VX970_Berzosertib_M6620', 'ONCOLEAD_CELL_DU145', 'M4076'})	4
frozenset({nan, 'VX970_Berzosertib_M6620', 'M4076', 'ONCOLEAD_CELL_HEPG2'})	4
frozenset({nan, 'VX970_Berzosertib_M6620', 'ONCOLEAD_CELL_HL60', 'M4076'})	4
frozenset({nan, 'VX970_Berzosertib_M6620', 'ONCOLEAD_CELL_HT29', 'M4076'})	4
frozenset({nan, 'VX970_Berzosertib_M6620', 'ONCOLEAD_CELL_IGROV1', 'M4076'})	4
frozenset({nan, 'VX970_Berzosertib_M6620', 'ONCOLEAD_CELL_LOVO', 'M4076'})	4
frozenset({nan, 'VX970_Berzosertib_M6620', 'M4076', 'ONCOLEAD_CELL_MDAMB231'})	4
frozenset({nan, 'VX970_Berzosertib_M6620', 'ONCOLEAD_CELL_MDAMB435', 'M4076'})	4
frozenset({nan, 'VX970_Berzosertib_M6620', 'M4076', 'ONCOLEAD_CELL_MDAMB436'})	4
frozenset({nan, 'ONCOLEAD_CELL_MHHES1', 'M4076', 'VX970_Berzosertib_M6620'})	4
frozenset({nan, 'VX970_Berzosertib_M6620', 'ONCOLEAD_CELL_MIAPACA2', 'M4076'})	4
frozenset({nan, 'VX970_Berzosertib_M6620', 'ONCOLEAD_CELL_MV411', 'M4076'})	4
frozenset({nan, 'VX970_Berzosertib_M6620', 'ONCOLEAD_CELL_NCIH460', 'M4076'})	4
frozenset({nan, 'VX970_Berzosertib_M6620', 'ONCOLEAD_CELL_PANC1', 'M4076'})	4
frozenset({nan, 'VX970_Berzosertib_M6620', 'ONCOLEAD_CELL_RAMOS', 'M4076'})	4
frozenset({nan, 'VX970_Berzosertib_M6620', 'M4076', 'ONCOLEAD_CELL_RDES'})	4
frozenset({nan, 'VX970_Berzosertib_M6620', 'ONCOLEAD_CELL_SAOS2', 'M4076'})	4
frozenset({nan, 'VX970_Berzosertib_M6620', 'M4076', 'ONCOLEAD_CELL_SW620'})	4
frozenset({nan, 'VX970_Berzosertib_M6620', 'ONCOLEAD_CELL_U2OS', 'M4076'})	4
frozenset({nan, 'ONCOLEAD_CELL_U87MG', 'M4076', 'VX970_Berzosertib_M6620'})	4
frozenset({nan, 'VX970_Berzosertib_M6620', 'ONCOLEAD_CELL_WSUNHL', 'M4076'})	4
frozenset({nan, 'VX970_Berzosertib_M6620', 'ONCOLEAD_CELL_A204', 'VX803_M4344'})	4
frozenset({nan, 'VX970_Berzosertib_M6620', 'ONCOLEAD_CELL_A549', 'VX803_M4344'})	4
frozenset({nan, 'VX970_Berzosertib_M6620', 'ONCOLEAD_CELL_ASPC1', 'VX803_M4344'})	4
frozenset({nan, 'VX970_Berzosertib_M6620', 'ONCOLEAD_CELL_BXPC3', 'VX803_M4344'})	4
frozenset({nan, 'VX970_Berzosertib_M6620', 'VX803_M4344', 'ONCOLEAD_CELL_COLO205'})	4
frozenset({nan, 'VX970_Berzosertib_M6620', 'ONCOLEAD_CELL_DU145', 'VX803_M4344'})	4
frozenset({nan, 'VX970_Berzosertib_M6620', 'VX803_M4344', 'ONCOLEAD_CELL_HEPG2'})	4
frozenset({nan, 'VX970_Berzosertib_M6620', 'ONCOLEAD_CELL_HL60', 'VX803_M4344'})	4
frozenset({nan, 'VX970_Berzosertib_M6620', 'VX803_M4344', 'ONCOLEAD_CELL_HT29'})	4
frozenset({nan, 'VX970_Berzosertib_M6620', 'ONCOLEAD_CELL_IGROV1', 'VX803_M4344'})	4
frozenset({nan, 'VX970_Berzosertib_M6620', 'ONCOLEAD_CELL_LOVO', 'VX803_M4344'})	4
frozenset({nan, 'VX970_Berzosertib_M6620', 'VX803_M4344', 'ONCOLEAD_CELL_MDAMB231'})	4
frozenset({nan, 'VX970_Berzosertib_M6620', 'ONCOLEAD_CELL_MDAMB435', 'VX803_M4344'})	4
frozenset({nan, 'VX970_Berzosertib_M6620', 'VX803_M4344', 'ONCOLEAD_CELL_MDAMB436'})	4
frozenset({nan, 'ONCOLEAD_CELL_MHHES1', 'VX803_M4344', 'VX970_Berzosertib_M6620'})	4
frozenset({nan, 'VX970_Berzosertib_M6620', 'ONCOLEAD_CELL_MIAPACA2', 'VX803_M4344'})	4
frozenset({nan, 'VX970_Berzosertib_M6620', 'ONCOLEAD_CELL_MV411', 'VX803_M4344'})	4
frozenset({nan, 'VX970_Berzosertib_M6620', 'ONCOLEAD_CELL_NCIH460', 'VX803_M4344'})	4
frozenset({nan, 'VX970_Berzosertib_M6620', 'ONCOLEAD_CELL_PANC1', 'VX803_M4344'})	4
frozenset({nan, 'VX970_Berzosertib_M6620', 'VX803_M4344', 'ONCOLEAD_CELL_RAMOS'})	4
frozenset({nan, 'VX970_Berzosertib_M6620', 'VX803_M4344', 'ONCOLEAD_CELL_RDES'})	4
frozenset({nan, 'VX970_Berzosertib_M6620', 'ONCOLEAD_CELL_SAOS2', 'VX803_M4344'})	4
frozenset({nan, 'VX970_Berzosertib_M6620', 'VX803_M4344', 'ONCOLEAD_CELL_SW620'})	4
frozenset({nan, 'VX970_Berzosertib_M6620', 'ONCOLEAD_CELL_U2OS', 'VX803_M4344'})	4
frozenset({nan, 'ONCOLEAD_CELL_U87MG', 'VX803_M4344', 'VX970_Berzosertib_M6620'})	4
frozenset({nan, 'VX970_Berzosertib_M6620', 'ONCOLEAD_CELL_WSUNHL', 'VX803_M4344'})	4
frozenset({nan, 'VX970_Berzosertib_M6620', 'ONCOLEAD_CELL_A204', 'PD0332991_Palbociclib'})	2
frozenset({nan, 'VX970_Berzosertib_M6620', 'ONCOLEAD_CELL_A549', 'PD0332991_Palbociclib'})	2
frozenset({nan, 'VX970_Berzosertib_M6620', 'ONCOLEAD_CELL_ASPC1', 'PD0332991_Palbociclib'})	2
frozenset({nan, 'VX970_Berzosertib_M6620', 'ONCOLEAD_CELL_BXPC3', 'PD0332991_Palbociclib'})	2
frozenset({nan, 'VX970_Berzosertib_M6620', 'ONCOLEAD_CELL_COLO205', 'PD0332991_Palbociclib'})	2
frozenset({nan, 'VX970_Berzosertib_M6620', 'ONCOLEAD_CELL_DU145', 'PD0332991_Palbociclib'})	2
frozenset({nan, 'VX970_Berzosertib_M6620', 'ONCOLEAD_CELL_HEPG2', 'PD0332991_Palbociclib'})	2
frozenset({nan, 'VX970_Berzosertib_M6620', 'ONCOLEAD_CELL_HL60', 'PD0332991_Palbociclib'})	2
frozenset({nan, 'VX970_Berzosertib_M6620', 'ONCOLEAD_CELL_HT29', 'PD0332991_Palbociclib'})	2
frozenset({nan, 'VX970_Berzosertib_M6620', 'ONCOLEAD_CELL_IGROV1', 'PD0332991_Palbociclib'})	2
frozenset({nan, 'VX970_Berzosertib_M6620', 'ONCOLEAD_CELL_LOVO', 'PD0332991_Palbociclib'})	2
frozenset({nan, 'VX970_Berzosertib_M6620', 'PD0332991_Palbociclib', 'ONCOLEAD_CELL_MDAMB231'})	2
frozenset({nan, 'VX970_Berzosertib_M6620', 'ONCOLEAD_CELL_MDAMB435', 'PD0332991_Palbociclib'})	2
frozenset({nan, 'VX970_Berzosertib_M6620', 'PD0332991_Palbociclib', 'ONCOLEAD_CELL_MDAMB436'})	2
frozenset({nan, 'ONCOLEAD_CELL_MHHES1', 'VX970_Berzosertib_M6620', 'PD0332991_Palbociclib'})	2
frozenset({nan, 'VX970_Berzosertib_M6620', 'ONCOLEAD_CELL_MIAPACA2', 'PD0332991_Palbociclib'})	2
frozenset({nan, 'VX970_Berzosertib_M6620', 'ONCOLEAD_CELL_MV411', 'PD0332991_Palbociclib'})	2
frozenset({nan, 'VX970_Berzosertib_M6620', 'ONCOLEAD_CELL_NCIH460', 'PD0332991_Palbociclib'})	2
frozenset({nan, 'VX970_Berzosertib_M6620', 'ONCOLEAD_CELL_PANC1', 'PD0332991_Palbociclib'})	2
frozenset({nan, 'VX970_Berzosertib_M6620', 'ONCOLEAD_CELL_RAMOS', 'PD0332991_Palbociclib'})	2
frozenset({nan, 'VX970_Berzosertib_M6620', 'PD0332991_Palbociclib', 'ONCOLEAD_CELL_RDES'})	2
frozenset({nan, 'VX970_Berzosertib_M6620', 'ONCOLEAD_CELL_SAOS2', 'PD0332991_Palbociclib'})	2
frozenset({nan, 'VX970_Berzosertib_M6620', 'PD0332991_Palbociclib', 'ONCOLEAD_CELL_SW620'})	2
frozenset({nan, 'VX970_Berzosertib_M6620', 'ONCOLEAD_CELL_U2OS', 'PD0332991_Palbociclib'})	2
frozenset({nan, 'ONCOLEAD_CELL_U87MG', 'VX970_Berzosertib_M6620', 'PD0332991_Palbociclib'})	2
frozenset({nan, 'VX970_Berzosertib_M6620', 'ONCOLEAD_CELL_WSUNHL', 'PD0332991_Palbociclib'})	2
frozenset({nan, 'VX970_Berzosertib_M6620', 'ONCOLEAD_CELL_A204', 'LY2606368_Prexasertib'})	2
frozenset({nan, 'VX970_Berzosertib_M6620', 'ONCOLEAD_CELL_A549', 'LY2606368_Prexasertib'})	2
frozenset({nan, 'VX970_Berzosertib_M6620', 'ONCOLEAD_CELL_ASPC1', 'LY2606368_Prexasertib'})	2
frozenset({nan, 'VX970_Berzosertib_M6620', 'ONCOLEAD_CELL_BXPC3', 'LY2606368_Prexasertib'})	2
frozenset({nan, 'VX970_Berzosertib_M6620', 'LY2606368_Prexasertib', 'ONCOLEAD_CELL_COLO205'})	2
frozenset({nan, 'VX970_Berzosertib_M6620', 'ONCOLEAD_CELL_DU145', 'LY2606368_Prexasertib'})	2
frozenset({nan, 'VX970_Berzosertib_M6620', 'LY2606368_Prexasertib', 'ONCOLEAD_CELL_HEPG2'})	2
frozenset({nan, 'VX970_Berzosertib_M6620', 'ONCOLEAD_CELL_HL60', 'LY2606368_Prexasertib'})	2
frozenset({nan, 'VX970_Berzosertib_M6620', 'LY2606368_Prexasertib', 'ONCOLEAD_CELL_HT29'})	2
frozenset({nan, 'VX970_Berzosertib_M6620', 'ONCOLEAD_CELL_IGROV1', 'LY2606368_Prexasertib'})	2
frozenset({nan, 'VX970_Berzosertib_M6620', 'ONCOLEAD_CELL_LOVO', 'LY2606368_Prexasertib'})	2
frozenset({nan, 'VX970_Berzosertib_M6620', 'LY2606368_Prexasertib', 'ONCOLEAD_CELL_MDAMB231'})	2
frozenset({nan, 'VX970_Berzosertib_M6620', 'ONCOLEAD_CELL_MDAMB435', 'LY2606368_Prexasertib'})	2
frozenset({nan, 'VX970_Berzosertib_M6620', 'LY2606368_Prexasertib', 'ONCOLEAD_CELL_MDAMB436'})	2
frozenset({nan, 'ONCOLEAD_CELL_MHHES1', 'LY2606368_Prexasertib', 'VX970_Berzosertib_M6620'})	2
frozenset({nan, 'VX970_Berzosertib_M6620', 'ONCOLEAD_CELL_MIAPACA2', 'LY2606368_Prexasertib'})	2
frozenset({nan, 'VX970_Berzosertib_M6620', 'ONCOLEAD_CELL_MV411', 'LY2606368_Prexasertib'})	2
frozenset({nan, 'VX970_Berzosertib_M6620', 'ONCOLEAD_CELL_NCIH460', 'LY2606368_Prexasertib'})	2
frozenset({nan, 'VX970_Berzosertib_M6620', 'ONCOLEAD_CELL_PANC1', 'LY2606368_Prexasertib'})	2
frozenset({nan, 'VX970_Berzosertib_M6620', 'LY2606368_Prexasertib', 'ONCOLEAD_CELL_RAMOS'})	2
frozenset({nan, 'VX970_Berzosertib_M6620', 'LY2606368_Prexasertib', 'ONCOLEAD_CELL_RDES'})	2
frozenset({nan, 'VX970_Berzosertib_M6620', 'ONCOLEAD_CELL_SAOS2', 'LY2606368_Prexasertib'})	2
frozenset({nan, 'VX970_Berzosertib_M6620', 'LY2606368_Prexasertib', 'ONCOLEAD_CELL_SW620'})	2
frozenset({nan, 'VX970_Berzosertib_M6620', 'ONCOLEAD_CELL_U2OS', 'LY2606368_Prexasertib'})	2
frozenset({nan, 'ONCOLEAD_CELL_U87MG', 'LY2606368_Prexasertib', 'VX970_Berzosertib_M6620'})	2
frozenset({nan, 'VX970_Berzosertib_M6620', 'ONCOLEAD_CELL_WSUNHL', 'LY2606368_Prexasertib'})	2
frozenset({nan, 'VX970_Berzosertib_M6620', 'ONCOLEAD_CELL_A204', 'BMN673_Talazoparib'})	2
frozenset({nan, 'VX970_Berzosertib_M6620', 'ONCOLEAD_CELL_A549', 'BMN673_Talazoparib'})	2
frozenset({nan, 'VX970_Berzosertib_M6620', 'ONCOLEAD_CELL_ASPC1', 'BMN673_Talazoparib'})	2
frozenset({nan, 'VX970_Berzosertib_M6620', 'ONCOLEAD_CELL_BXPC3', 'BMN673_Talazoparib'})	2
frozenset({nan, 'VX970_Berzosertib_M6620', 'ONCOLEAD_CELL_COLO205', 'BMN673_Talazoparib'})	2
frozenset({nan, 'VX970_Berzosertib_M6620', 'ONCOLEAD_CELL_DU145', 'BMN673_Talazoparib'})	2
frozenset({nan, 'VX970_Berzosertib_M6620', 'ONCOLEAD_CELL_HEPG2', 'BMN673_Talazoparib'})	2
frozenset({nan, 'VX970_Berzosertib_M6620', 'ONCOLEAD_CELL_HL60', 'BMN673_Talazoparib'})	2
frozenset({nan, 'VX970_Berzosertib_M6620', 'ONCOLEAD_CELL_HT29', 'BMN673_Talazoparib'})	2
frozenset({nan, 'VX970_Berzosertib_M6620', 'ONCOLEAD_CELL_IGROV1', 'BMN673_Talazoparib'})	2
frozenset({nan, 'VX970_Berzosertib_M6620', 'ONCOLEAD_CELL_LOVO', 'BMN673_Talazoparib'})	2
frozenset({nan, 'VX970_Berzosertib_M6620', 'BMN673_Talazoparib', 'ONCOLEAD_CELL_MDAMB231'})	2
frozenset({nan, 'VX970_Berzosertib_M6620', 'ONCOLEAD_CELL_MDAMB435', 'BMN673_Talazoparib'})	2
frozenset({nan, 'VX970_Berzosertib_M6620', 'BMN673_Talazoparib', 'ONCOLEAD_CELL_MDAMB436'})	2
frozenset({nan, 'ONCOLEAD_CELL_MHHES1', 'VX970_Berzosertib_M6620', 'BMN673_Talazoparib'})	2
frozenset({nan, 'VX970_Berzosertib_M6620', 'ONCOLEAD_CELL_MIAPACA2', 'BMN673_Talazoparib'})	2
frozenset({nan, 'VX970_Berzosertib_M6620', 'ONCOLEAD_CELL_MV411', 'BMN673_Talazoparib'})	2
frozenset({nan, 'VX970_Berzosertib_M6620', 'ONCOLEAD_CELL_NCIH460', 'BMN673_Talazoparib'})	2
frozenset({nan, 'VX970_Berzosertib_M6620', 'ONCOLEAD_CELL_PANC1', 'BMN673_Talazoparib'})	2
frozenset({nan, 'VX970_Berzosertib_M6620', 'ONCOLEAD_CELL_RAMOS', 'BMN673_Talazoparib'})	2
frozenset({nan, 'VX970_Berzosertib_M6620', 'BMN673_Talazoparib', 'ONCOLEAD_CELL_RDES'})	2
frozenset({nan, 'VX970_Berzosertib_M6620', 'ONCOLEAD_CELL_SAOS2', 'BMN673_Talazoparib'})	2
frozenset({nan, 'VX970_Berzosertib_M6620', 'BMN673_Talazoparib', 'ONCOLEAD_CELL_SW620'})	2
frozenset({nan, 'VX970_Berzosertib_M6620', 'ONCOLEAD_CELL_U2OS', 'BMN673_Talazoparib'})	2
frozenset({nan, 'ONCOLEAD_CELL_U87MG', 'VX970_Berzosertib_M6620', 'BMN673_Talazoparib'})	2
frozenset({nan, 'VX970_Berzosertib_M6620', 'ONCOLEAD_CELL_WSUNHL', 'BMN673_Talazoparib'})	2
frozenset({nan, 'VX803_M4344', 'ONCOLEAD_CELL_A204', 'M4076'})	2
frozenset({nan, 'ONCOLEAD_CELL_A549', 'VX803_M4344', 'M4076'})	2
frozenset({nan, 'ONCOLEAD_CELL_ASPC1', 'VX803_M4344', 'M4076'})	2
frozenset({nan, 'ONCOLEAD_CELL_BXPC3', 'VX803_M4344', 'M4076'})	2
frozenset({nan, 'M4076', 'VX803_M4344', 'ONCOLEAD_CELL_COLO205'})	2
frozenset({nan, 'VX803_M4344', 'ONCOLEAD_CELL_DU145', 'M4076'})	2
frozenset({nan, 'M4076', 'VX803_M4344', 'ONCOLEAD_CELL_HEPG2'})	2
frozenset({nan, 'ONCOLEAD_CELL_HL60', 'VX803_M4344', 'M4076'})	2
frozenset({nan, 'VX803_M4344', 'ONCOLEAD_CELL_HT29', 'M4076'})	2
frozenset({nan, 'ONCOLEAD_CELL_IGROV1', 'VX803_M4344', 'M4076'})	2
frozenset({nan, 'ONCOLEAD_CELL_LOVO', 'VX803_M4344', 'M4076'})	2
frozenset({nan, 'VX803_M4344', 'M4076', 'ONCOLEAD_CELL_MDAMB231'})	2
frozenset({nan, 'VX803_M4344', 'ONCOLEAD_CELL_MDAMB435', 'M4076'})	2
frozenset({nan, 'VX803_M4344', 'M4076', 'ONCOLEAD_CELL_MDAMB436'})	2
frozenset({nan, 'ONCOLEAD_CELL_MHHES1', 'VX803_M4344', 'M4076'})	2
frozenset({nan, 'ONCOLEAD_CELL_MIAPACA2', 'VX803_M4344', 'M4076'})	2
frozenset({nan, 'ONCOLEAD_CELL_MV411', 'VX803_M4344', 'M4076'})	2
frozenset({nan, 'ONCOLEAD_CELL_NCIH460', 'VX803_M4344', 'M4076'})	2
frozenset({nan, 'VX803_M4344', 'ONCOLEAD_CELL_PANC1', 'M4076'})	2
frozenset({nan, 'VX803_M4344', 'ONCOLEAD_CELL_RAMOS', 'M4076'})	2
frozenset({nan, 'VX803_M4344', 'M4076', 'ONCOLEAD_CELL_RDES'})	2
frozenset({nan, 'VX803_M4344', 'ONCOLEAD_CELL_SAOS2', 'M4076'})	2
frozenset({nan, 'VX803_M4344', 'M4076', 'ONCOLEAD_CELL_SW620'})	2
frozenset({nan, 'ONCOLEAD_CELL_U2OS', 'VX803_M4344', 'M4076'})	2
frozenset({nan, 'ONCOLEAD_CELL_U87MG', 'VX803_M4344', 'M4076'})	2
frozenset({nan, 'VX803_M4344', 'ONCOLEAD_CELL_WSUNHL', 'M4076'})	2
frozenset({nan, 'VX803_M4344', 'ONCOLEAD_CELL_A204', 'PD0332991_Palbociclib'})	2
frozenset({nan, 'PD0332991_Palbociclib', 'ONCOLEAD_CELL_A549', 'VX803_M4344'})	2
frozenset({nan, 'PD0332991_Palbociclib', 'ONCOLEAD_CELL_ASPC1', 'VX803_M4344'})	2
frozenset({nan, 'PD0332991_Palbociclib', 'ONCOLEAD_CELL_BXPC3', 'VX803_M4344'})	2
frozenset({nan, 'PD0332991_Palbociclib', 'VX803_M4344', 'ONCOLEAD_CELL_COLO205'})	2
frozenset({nan, 'VX803_M4344', 'ONCOLEAD_CELL_DU145', 'PD0332991_Palbociclib'})	2
frozenset({nan, 'PD0332991_Palbociclib', 'VX803_M4344', 'ONCOLEAD_CELL_HEPG2'})	2
frozenset({nan, 'PD0332991_Palbociclib', 'ONCOLEAD_CELL_HL60', 'VX803_M4344'})	2
frozenset({nan, 'PD0332991_Palbociclib', 'VX803_M4344', 'ONCOLEAD_CELL_HT29'})	2
frozenset({nan, 'PD0332991_Palbociclib', 'ONCOLEAD_CELL_IGROV1', 'VX803_M4344'})	2
frozenset({nan, 'PD0332991_Palbociclib', 'ONCOLEAD_CELL_LOVO', 'VX803_M4344'})	2
frozenset({nan, 'PD0332991_Palbociclib', 'VX803_M4344', 'ONCOLEAD_CELL_MDAMB231'})	2
frozenset({nan, 'VX803_M4344', 'ONCOLEAD_CELL_MDAMB435', 'PD0332991_Palbociclib'})	2
frozenset({nan, 'PD0332991_Palbociclib', 'VX803_M4344', 'ONCOLEAD_CELL_MDAMB436'})	2
frozenset({nan, 'ONCOLEAD_CELL_MHHES1', 'VX803_M4344', 'PD0332991_Palbociclib'})	2
frozenset({nan, 'PD0332991_Palbociclib', 'ONCOLEAD_CELL_MIAPACA2', 'VX803_M4344'})	2
frozenset({nan, 'PD0332991_Palbociclib', 'ONCOLEAD_CELL_MV411', 'VX803_M4344'})	2
frozenset({nan, 'PD0332991_Palbociclib', 'ONCOLEAD_CELL_NCIH460', 'VX803_M4344'})	2
frozenset({nan, 'VX803_M4344', 'ONCOLEAD_CELL_PANC1', 'PD0332991_Palbociclib'})	2
frozenset({nan, 'PD0332991_Palbociclib', 'VX803_M4344', 'ONCOLEAD_CELL_RAMOS'})	2
frozenset({nan, 'PD0332991_Palbociclib', 'VX803_M4344', 'ONCOLEAD_CELL_RDES'})	2
frozenset({nan, 'VX803_M4344', 'ONCOLEAD_CELL_SAOS2', 'PD0332991_Palbociclib'})	2
frozenset({nan, 'PD0332991_Palbociclib', 'VX803_M4344', 'ONCOLEAD_CELL_SW620'})	2
frozenset({nan, 'PD0332991_Palbociclib', 'ONCOLEAD_CELL_U2OS', 'VX803_M4344'})	2
frozenset({nan, 'ONCOLEAD_CELL_U87MG', 'VX803_M4344', 'PD0332991_Palbociclib'})	2
frozenset({nan, 'VX803_M4344', 'ONCOLEAD_CELL_WSUNHL', 'PD0332991_Palbociclib'})	2
frozenset({nan, 'VX803_M4344', 'ONCOLEAD_CELL_A204', 'LY2606368_Prexasertib'})	2
frozenset({nan, 'ONCOLEAD_CELL_A549', 'VX803_M4344', 'LY2606368_Prexasertib'})	2
frozenset({nan, 'ONCOLEAD_CELL_ASPC1', 'VX803_M4344', 'LY2606368_Prexasertib'})	2
frozenset({nan, 'ONCOLEAD_CELL_BXPC3', 'VX803_M4344', 'LY2606368_Prexasertib'})	2
frozenset({nan, 'VX803_M4344', 'LY2606368_Prexasertib', 'ONCOLEAD_CELL_COLO205'})	2
frozenset({nan, 'VX803_M4344', 'ONCOLEAD_CELL_DU145', 'LY2606368_Prexasertib'})	2
frozenset({nan, 'VX803_M4344', 'LY2606368_Prexasertib', 'ONCOLEAD_CELL_HEPG2'})	2
frozenset({nan, 'ONCOLEAD_CELL_HL60', 'VX803_M4344', 'LY2606368_Prexasertib'})	2
frozenset({nan, 'LY2606368_Prexasertib', 'VX803_M4344', 'ONCOLEAD_CELL_HT29'})	2
frozenset({nan, 'ONCOLEAD_CELL_IGROV1', 'VX803_M4344', 'LY2606368_Prexasertib'})	2
frozenset({nan, 'ONCOLEAD_CELL_LOVO', 'VX803_M4344', 'LY2606368_Prexasertib'})	2
frozenset({nan, 'VX803_M4344', 'LY2606368_Prexasertib', 'ONCOLEAD_CELL_MDAMB231'})	2
frozenset({nan, 'VX803_M4344', 'ONCOLEAD_CELL_MDAMB435', 'LY2606368_Prexasertib'})	2
frozenset({nan, 'VX803_M4344', 'LY2606368_Prexasertib', 'ONCOLEAD_CELL_MDAMB436'})	2
frozenset({nan, 'ONCOLEAD_CELL_MHHES1', 'VX803_M4344', 'LY2606368_Prexasertib'})	2
frozenset({nan, 'ONCOLEAD_CELL_MIAPACA2', 'VX803_M4344', 'LY2606368_Prexasertib'})	2
frozenset({nan, 'ONCOLEAD_CELL_MV411', 'VX803_M4344', 'LY2606368_Prexasertib'})	2
frozenset({nan, 'ONCOLEAD_CELL_NCIH460', 'VX803_M4344', 'LY2606368_Prexasertib'})	2
frozenset({nan, 'VX803_M4344', 'ONCOLEAD_CELL_PANC1', 'LY2606368_Prexasertib'})	2
frozenset({nan, 'LY2606368_Prexasertib', 'VX803_M4344', 'ONCOLEAD_CELL_RAMOS'})	2
frozenset({nan, 'VX803_M4344', 'LY2606368_Prexasertib', 'ONCOLEAD_CELL_RDES'})	2
frozenset({nan, 'VX803_M4344', 'ONCOLEAD_CELL_SAOS2', 'LY2606368_Prexasertib'})	2
frozenset({nan, 'VX803_M4344', 'LY2606368_Prexasertib', 'ONCOLEAD_CELL_SW620'})	2
frozenset({nan, 'ONCOLEAD_CELL_U2OS', 'VX803_M4344', 'LY2606368_Prexasertib'})	2
frozenset({nan, 'ONCOLEAD_CELL_U87MG', 'VX803_M4344', 'LY2606368_Prexasertib'})	2
frozenset({nan, 'VX803_M4344', 'ONCOLEAD_CELL_WSUNHL', 'LY2606368_Prexasertib'})	2
frozenset({nan, 'VX970_Berzosertib_M6620', 'ONCOLEAD_CELL_A204', 'Gemcitabine'})	2
frozenset({nan, 'VX970_Berzosertib_M6620', 'ONCOLEAD_CELL_A549', 'Gemcitabine'})	2
frozenset({nan, 'VX970_Berzosertib_M6620', 'ONCOLEAD_CELL_ASPC1', 'Gemcitabine'})	2
frozenset({nan, 'VX970_Berzosertib_M6620', 'ONCOLEAD_CELL_BXPC3', 'Gemcitabine'})	2
frozenset({nan, 'VX970_Berzosertib_M6620', 'Gemcitabine', 'ONCOLEAD_CELL_COLO205'})	2
frozenset({nan, 'VX970_Berzosertib_M6620', 'ONCOLEAD_CELL_DU145', 'Gemcitabine'})	2
frozenset({nan, 'VX970_Berzosertib_M6620', 'Gemcitabine', 'ONCOLEAD_CELL_HEPG2'})	2
frozenset({nan, 'VX970_Berzosertib_M6620', 'ONCOLEAD_CELL_HL60', 'Gemcitabine'})	2
frozenset({nan, 'Gemcitabine', 'ONCOLEAD_CELL_HT29', 'VX970_Berzosertib_M6620'})	2
frozenset({nan, 'VX970_Berzosertib_M6620', 'ONCOLEAD_CELL_IGROV1', 'Gemcitabine'})	2
frozenset({nan, 'VX970_Berzosertib_M6620', 'ONCOLEAD_CELL_LOVO', 'Gemcitabine'})	2
frozenset({nan, 'VX970_Berzosertib_M6620', 'Gemcitabine', 'ONCOLEAD_CELL_MDAMB231'})	2
frozenset({nan, 'VX970_Berzosertib_M6620', 'ONCOLEAD_CELL_MDAMB435', 'Gemcitabine'})	2
frozenset({nan, 'VX970_Berzosertib_M6620', 'Gemcitabine', 'ONCOLEAD_CELL_MDAMB436'})	2
frozenset({nan, 'ONCOLEAD_CELL_MHHES1', 'Gemcitabine', 'VX970_Berzosertib_M6620'})	2
frozenset({nan, 'VX970_Berzosertib_M6620', 'ONCOLEAD_CELL_MIAPACA2', 'Gemcitabine'})	2
frozenset({nan, 'VX970_Berzosertib_M6620', 'ONCOLEAD_CELL_MV411', 'Gemcitabine'})	2
frozenset({nan, 'VX970_Berzosertib_M6620', 'ONCOLEAD_CELL_NCIH460', 'Gemcitabine'})	2
frozenset({nan, 'VX970_Berzosertib_M6620', 'ONCOLEAD_CELL_PANC1', 'Gemcitabine'})	2
frozenset({nan, 'Gemcitabine', 'ONCOLEAD_CELL_RAMOS', 'VX970_Berzosertib_M6620'})	2
frozenset({nan, 'VX970_Berzosertib_M6620', 'Gemcitabine', 'ONCOLEAD_CELL_RDES'})	2
frozenset({nan, 'VX970_Berzosertib_M6620', 'ONCOLEAD_CELL_SAOS2', 'Gemcitabine'})	2
frozenset({nan, 'VX970_Berzosertib_M6620', 'Gemcitabine', 'ONCOLEAD_CELL_SW620'})	2
frozenset({nan, 'VX970_Berzosertib_M6620', 'ONCOLEAD_CELL_U2OS', 'Gemcitabine'})	2
frozenset({nan, 'ONCOLEAD_CELL_U87MG', 'Gemcitabine', 'VX970_Berzosertib_M6620'})	2
frozenset({nan, 'VX970_Berzosertib_M6620', 'ONCOLEAD_CELL_WSUNHL', 'Gemcitabine'})	2
frozenset({nan, 'VX803_M4344', 'ONCOLEAD_CELL_A204', 'Gemcitabine'})	2
frozenset({nan, 'ONCOLEAD_CELL_A549', 'VX803_M4344', 'Gemcitabine'})	2
frozenset({nan, 'ONCOLEAD_CELL_ASPC1', 'VX803_M4344', 'Gemcitabine'})	2
frozenset({nan, 'ONCOLEAD_CELL_BXPC3', 'VX803_M4344', 'Gemcitabine'})	2
frozenset({nan, 'VX803_M4344', 'Gemcitabine', 'ONCOLEAD_CELL_COLO205'})	2
frozenset({nan, 'VX803_M4344', 'ONCOLEAD_CELL_DU145', 'Gemcitabine'})	2
frozenset({nan, 'VX803_M4344', 'Gemcitabine', 'ONCOLEAD_CELL_HEPG2'})	2
frozenset({nan, 'ONCOLEAD_CELL_HL60', 'VX803_M4344', 'Gemcitabine'})	2
frozenset({nan, 'Gemcitabine', 'VX803_M4344', 'ONCOLEAD_CELL_HT29'})	2
frozenset({nan, 'ONCOLEAD_CELL_IGROV1', 'VX803_M4344', 'Gemcitabine'})	2
frozenset({nan, 'ONCOLEAD_CELL_LOVO', 'VX803_M4344', 'Gemcitabine'})	2
frozenset({nan, 'VX803_M4344', 'Gemcitabine', 'ONCOLEAD_CELL_MDAMB231'})	2
frozenset({nan, 'VX803_M4344', 'ONCOLEAD_CELL_MDAMB435', 'Gemcitabine'})	2
frozenset({nan, 'VX803_M4344', 'Gemcitabine', 'ONCOLEAD_CELL_MDAMB436'})	2
frozenset({nan, 'ONCOLEAD_CELL_MHHES1', 'VX803_M4344', 'Gemcitabine'})	2
frozenset({nan, 'ONCOLEAD_CELL_MIAPACA2', 'VX803_M4344', 'Gemcitabine'})	2
frozenset({nan, 'ONCOLEAD_CELL_MV411', 'VX803_M4344', 'Gemcitabine'})	2
frozenset({nan, 'ONCOLEAD_CELL_NCIH460', 'VX803_M4344', 'Gemcitabine'})	2
frozenset({nan, 'VX803_M4344', 'ONCOLEAD_CELL_PANC1', 'Gemcitabine'})	2
frozenset({nan, 'Gemcitabine', 'VX803_M4344', 'ONCOLEAD_CELL_RAMOS'})	2
frozenset({nan, 'VX803_M4344', 'Gemcitabine', 'ONCOLEAD_CELL_RDES'})	2
frozenset({nan, 'VX803_M4344', 'ONCOLEAD_CELL_SAOS2', 'Gemcitabine'})	2
frozenset({nan, 'VX803_M4344', 'Gemcitabine', 'ONCOLEAD_CELL_SW620'})	2
frozenset({nan, 'ONCOLEAD_CELL_U2OS', 'VX803_M4344', 'Gemcitabine'})	2
frozenset({nan, 'ONCOLEAD_CELL_U87MG', 'VX803_M4344', 'Gemcitabine'})	2
frozenset({nan, 'VX803_M4344', 'ONCOLEAD_CELL_WSUNHL', 'Gemcitabine'})	2
frozenset({nan, 'Cisplatin', 'ONCOLEAD_CELL_A204', 'VX970_Berzosertib_M6620'})	2
frozenset({nan, 'Cisplatin', 'ONCOLEAD_CELL_A549', 'VX970_Berzosertib_M6620'})	2
frozenset({nan, 'Cisplatin', 'ONCOLEAD_CELL_ASPC1', 'VX970_Berzosertib_M6620'})	2
frozenset({nan, 'Cisplatin', 'ONCOLEAD_CELL_BXPC3', 'VX970_Berzosertib_M6620'})	2
frozenset({nan, 'Cisplatin', 'ONCOLEAD_CELL_COLO205', 'VX970_Berzosertib_M6620'})	2
frozenset({nan, 'Cisplatin', 'ONCOLEAD_CELL_DU145', 'VX970_Berzosertib_M6620'})	2
frozenset({nan, 'Cisplatin', 'ONCOLEAD_CELL_HEPG2', 'VX970_Berzosertib_M6620'})	2
frozenset({nan, 'Cisplatin', 'ONCOLEAD_CELL_HL60', 'VX970_Berzosertib_M6620'})	2
frozenset({nan, 'Cisplatin', 'ONCOLEAD_CELL_HT29', 'VX970_Berzosertib_M6620'})	2
frozenset({nan, 'Cisplatin', 'ONCOLEAD_CELL_IGROV1', 'VX970_Berzosertib_M6620'})	2
frozenset({nan, 'Cisplatin', 'ONCOLEAD_CELL_LOVO', 'VX970_Berzosertib_M6620'})	2
frozenset({nan, 'Cisplatin', 'VX970_Berzosertib_M6620', 'ONCOLEAD_CELL_MDAMB231'})	2
frozenset({nan, 'Cisplatin', 'ONCOLEAD_CELL_MDAMB435', 'VX970_Berzosertib_M6620'})	2
frozenset({nan, 'Cisplatin', 'VX970_Berzosertib_M6620', 'ONCOLEAD_CELL_MDAMB436'})	2
frozenset({nan, 'ONCOLEAD_CELL_MHHES1', 'Cisplatin', 'VX970_Berzosertib_M6620'})	2
frozenset({nan, 'Cisplatin', 'ONCOLEAD_CELL_MIAPACA2', 'VX970_Berzosertib_M6620'})	2
frozenset({nan, 'Cisplatin', 'ONCOLEAD_CELL_MV411', 'VX970_Berzosertib_M6620'})	2
frozenset({nan, 'Cisplatin', 'ONCOLEAD_CELL_NCIH460', 'VX970_Berzosertib_M6620'})	2
frozenset({nan, 'Cisplatin', 'ONCOLEAD_CELL_PANC1', 'VX970_Berzosertib_M6620'})	2
frozenset({nan, 'Cisplatin', 'ONCOLEAD_CELL_RAMOS', 'VX970_Berzosertib_M6620'})	2
frozenset({nan, 'Cisplatin', 'VX970_Berzosertib_M6620', 'ONCOLEAD_CELL_RDES'})	2
frozenset({nan, 'Cisplatin', 'ONCOLEAD_CELL_SAOS2', 'VX970_Berzosertib_M6620'})	2
frozenset({nan, 'Cisplatin', 'VX970_Berzosertib_M6620', 'ONCOLEAD_CELL_SW620'})	2
frozenset({nan, 'Cisplatin', 'ONCOLEAD_CELL_U2OS', 'VX970_Berzosertib_M6620'})	2
frozenset({nan, 'ONCOLEAD_CELL_U87MG', 'Cisplatin', 'VX970_Berzosertib_M6620'})	2
frozenset({nan, 'Cisplatin', 'ONCOLEAD_CELL_WSUNHL', 'VX970_Berzosertib_M6620'})	2
frozenset({nan, 'Cisplatin', 'ONCOLEAD_CELL_A204', 'VX803_M4344'})	2
frozenset({nan, 'Cisplatin', 'ONCOLEAD_CELL_A549', 'VX803_M4344'})	2
frozenset({nan, 'Cisplatin', 'ONCOLEAD_CELL_ASPC1', 'VX803_M4344'})	2
frozenset({nan, 'Cisplatin', 'ONCOLEAD_CELL_BXPC3', 'VX803_M4344'})	2
frozenset({nan, 'Cisplatin', 'VX803_M4344', 'ONCOLEAD_CELL_COLO205'})	2
frozenset({nan, 'Cisplatin', 'ONCOLEAD_CELL_DU145', 'VX803_M4344'})	2
frozenset({nan, 'Cisplatin', 'VX803_M4344', 'ONCOLEAD_CELL_HEPG2'})	2
frozenset({nan, 'Cisplatin', 'ONCOLEAD_CELL_HL60', 'VX803_M4344'})	2
frozenset({nan, 'Cisplatin', 'VX803_M4344', 'ONCOLEAD_CELL_HT29'})	2
frozenset({nan, 'Cisplatin', 'ONCOLEAD_CELL_IGROV1', 'VX803_M4344'})	2
frozenset({nan, 'Cisplatin', 'ONCOLEAD_CELL_LOVO', 'VX803_M4344'})	2
frozenset({nan, 'Cisplatin', 'VX803_M4344', 'ONCOLEAD_CELL_MDAMB231'})	2
frozenset({nan, 'Cisplatin', 'ONCOLEAD_CELL_MDAMB435', 'VX803_M4344'})	2
frozenset({nan, 'Cisplatin', 'VX803_M4344', 'ONCOLEAD_CELL_MDAMB436'})	2
frozenset({nan, 'ONCOLEAD_CELL_MHHES1', 'Cisplatin', 'VX803_M4344'})	2
frozenset({nan, 'Cisplatin', 'ONCOLEAD_CELL_MIAPACA2', 'VX803_M4344'})	2
frozenset({nan, 'Cisplatin', 'ONCOLEAD_CELL_MV411', 'VX803_M4344'})	2
frozenset({nan, 'Cisplatin', 'ONCOLEAD_CELL_NCIH460', 'VX803_M4344'})	2
frozenset({nan, 'Cisplatin', 'ONCOLEAD_CELL_PANC1', 'VX803_M4344'})	2
frozenset({nan, 'Cisplatin', 'VX803_M4344', 'ONCOLEAD_CELL_RAMOS'})	2
frozenset({nan, 'Cisplatin', 'VX803_M4344', 'ONCOLEAD_CELL_RDES'})	2
frozenset({nan, 'Cisplatin', 'ONCOLEAD_CELL_SAOS2', 'VX803_M4344'})	2
frozenset({nan, 'Cisplatin', 'VX803_M4344', 'ONCOLEAD_CELL_SW620'})	2
frozenset({nan, 'Cisplatin', 'ONCOLEAD_CELL_U2OS', 'VX803_M4344'})	2
frozenset({nan, 'ONCOLEAD_CELL_U87MG', 'Cisplatin', 'VX803_M4344'})	2
frozenset({nan, 'Cisplatin', 'ONCOLEAD_CELL_WSUNHL', 'VX803_M4344'})	2
frozenset({nan, 'VX803_M4344', 'ONCOLEAD_CELL_A204', 'BMN673_Talazoparib'})	2
frozenset({nan, 'ONCOLEAD_CELL_A549', 'VX803_M4344', 'BMN673_Talazoparib'})	2
frozenset({nan, 'ONCOLEAD_CELL_ASPC1', 'VX803_M4344', 'BMN673_Talazoparib'})	2
frozenset({nan, 'ONCOLEAD_CELL_BXPC3', 'VX803_M4344', 'BMN673_Talazoparib'})	2
frozenset({nan, 'VX803_M4344', 'ONCOLEAD_CELL_COLO205', 'BMN673_Talazoparib'})	2
frozenset({nan, 'VX803_M4344', 'ONCOLEAD_CELL_DU145', 'BMN673_Talazoparib'})	2
frozenset({nan, 'VX803_M4344', 'ONCOLEAD_CELL_HEPG2', 'BMN673_Talazoparib'})	2
frozenset({nan, 'ONCOLEAD_CELL_HL60', 'VX803_M4344', 'BMN673_Talazoparib'})	2
frozenset({nan, 'VX803_M4344', 'ONCOLEAD_CELL_HT29', 'BMN673_Talazoparib'})	2
frozenset({nan, 'ONCOLEAD_CELL_IGROV1', 'VX803_M4344', 'BMN673_Talazoparib'})	2
frozenset({nan, 'ONCOLEAD_CELL_LOVO', 'VX803_M4344', 'BMN673_Talazoparib'})	2
frozenset({nan, 'BMN673_Talazoparib', 'VX803_M4344', 'ONCOLEAD_CELL_MDAMB231'})	2
frozenset({nan, 'VX803_M4344', 'ONCOLEAD_CELL_MDAMB435', 'BMN673_Talazoparib'})	2
frozenset({nan, 'BMN673_Talazoparib', 'VX803_M4344', 'ONCOLEAD_CELL_MDAMB436'})	2
frozenset({nan, 'ONCOLEAD_CELL_MHHES1', 'VX803_M4344', 'BMN673_Talazoparib'})	2
frozenset({nan, 'ONCOLEAD_CELL_MIAPACA2', 'VX803_M4344', 'BMN673_Talazoparib'})	2
frozenset({nan, 'ONCOLEAD_CELL_MV411', 'VX803_M4344', 'BMN673_Talazoparib'})	2
frozenset({nan, 'ONCOLEAD_CELL_NCIH460', 'VX803_M4344', 'BMN673_Talazoparib'})	2
frozenset({nan, 'VX803_M4344', 'ONCOLEAD_CELL_PANC1', 'BMN673_Talazoparib'})	2
frozenset({nan, 'VX803_M4344', 'ONCOLEAD_CELL_RAMOS', 'BMN673_Talazoparib'})	2
frozenset({nan, 'BMN673_Talazoparib', 'VX803_M4344', 'ONCOLEAD_CELL_RDES'})	2
frozenset({nan, 'VX803_M4344', 'ONCOLEAD_CELL_SAOS2', 'BMN673_Talazoparib'})	2
frozenset({nan, 'BMN673_Talazoparib', 'VX803_M4344', 'ONCOLEAD_CELL_SW620'})	2
frozenset({nan, 'ONCOLEAD_CELL_U2OS', 'VX803_M4344', 'BMN673_Talazoparib'})	2
frozenset({nan, 'ONCOLEAD_CELL_U87MG', 'VX803_M4344', 'BMN673_Talazoparib'})	2
frozenset({nan, 'VX803_M4344', 'ONCOLEAD_CELL_WSUNHL', 'BMN673_Talazoparib'})	2
frozenset({nan, 'SN38', 'ONCOLEAD_CELL_A204', 'VX970_Berzosertib_M6620'})	2
frozenset({nan, 'VX970_Berzosertib_M6620', 'ONCOLEAD_CELL_A549', 'SN38'})	2
frozenset({nan, 'VX970_Berzosertib_M6620', 'ONCOLEAD_CELL_ASPC1', 'SN38'})	2
frozenset({nan, 'VX970_Berzosertib_M6620', 'ONCOLEAD_CELL_BXPC3', 'SN38'})	2
frozenset({nan, 'VX970_Berzosertib_M6620', 'SN38', 'ONCOLEAD_CELL_COLO205'})	2
frozenset({nan, 'SN38', 'ONCOLEAD_CELL_DU145', 'VX970_Berzosertib_M6620'})	2
frozenset({nan, 'VX970_Berzosertib_M6620', 'SN38', 'ONCOLEAD_CELL_HEPG2'})	2
frozenset({nan, 'VX970_Berzosertib_M6620', 'ONCOLEAD_CELL_HL60', 'SN38'})	2
frozenset({nan, 'VX970_Berzosertib_M6620', 'SN38', 'ONCOLEAD_CELL_HT29'})	2
frozenset({nan, 'VX970_Berzosertib_M6620', 'ONCOLEAD_CELL_IGROV1', 'SN38'})	2
frozenset({nan, 'VX970_Berzosertib_M6620', 'ONCOLEAD_CELL_LOVO', 'SN38'})	2
frozenset({nan, 'VX970_Berzosertib_M6620', 'SN38', 'ONCOLEAD_CELL_MDAMB231'})	2
frozenset({nan, 'SN38', 'ONCOLEAD_CELL_MDAMB435', 'VX970_Berzosertib_M6620'})	2
frozenset({nan, 'VX970_Berzosertib_M6620', 'SN38', 'ONCOLEAD_CELL_MDAMB436'})	2
frozenset({nan, 'ONCOLEAD_CELL_MHHES1', 'SN38', 'VX970_Berzosertib_M6620'})	2
frozenset({nan, 'VX970_Berzosertib_M6620', 'ONCOLEAD_CELL_MIAPACA2', 'SN38'})	2
frozenset({nan, 'VX970_Berzosertib_M6620', 'ONCOLEAD_CELL_MV411', 'SN38'})	2
frozenset({nan, 'VX970_Berzosertib_M6620', 'ONCOLEAD_CELL_NCIH460', 'SN38'})	2
frozenset({nan, 'SN38', 'ONCOLEAD_CELL_PANC1', 'VX970_Berzosertib_M6620'})	2
frozenset({nan, 'VX970_Berzosertib_M6620', 'SN38', 'ONCOLEAD_CELL_RAMOS'})	2
frozenset({nan, 'VX970_Berzosertib_M6620', 'SN38', 'ONCOLEAD_CELL_RDES'})	2
frozenset({nan, 'SN38', 'ONCOLEAD_CELL_SAOS2', 'VX970_Berzosertib_M6620'})	2
frozenset({nan, 'VX970_Berzosertib_M6620', 'SN38', 'ONCOLEAD_CELL_SW620'})	2
frozenset({nan, 'VX970_Berzosertib_M6620', 'ONCOLEAD_CELL_U2OS', 'SN38'})	2
frozenset({nan, 'ONCOLEAD_CELL_U87MG', 'SN38', 'VX970_Berzosertib_M6620'})	2
frozenset({nan, 'SN38', 'ONCOLEAD_CELL_WSUNHL', 'VX970_Berzosertib_M6620'})	2
frozenset({nan, 'SN38', 'ONCOLEAD_CELL_A204', 'VX803_M4344'})	2
frozenset({nan, 'VX803_M4344', 'ONCOLEAD_CELL_A549', 'SN38'})	2
frozenset({nan, 'VX803_M4344', 'ONCOLEAD_CELL_ASPC1', 'SN38'})	2
frozenset({nan, 'VX803_M4344', 'ONCOLEAD_CELL_BXPC3', 'SN38'})	2
frozenset({nan, 'VX803_M4344', 'SN38', 'ONCOLEAD_CELL_COLO205'})	2
frozenset({nan, 'SN38', 'ONCOLEAD_CELL_DU145', 'VX803_M4344'})	2
frozenset({nan, 'VX803_M4344', 'SN38', 'ONCOLEAD_CELL_HEPG2'})	2
frozenset({nan, 'VX803_M4344', 'ONCOLEAD_CELL_HL60', 'SN38'})	2
frozenset({nan, 'VX803_M4344', 'SN38', 'ONCOLEAD_CELL_HT29'})	2
frozenset({nan, 'VX803_M4344', 'ONCOLEAD_CELL_IGROV1', 'SN38'})	2
frozenset({nan, 'VX803_M4344', 'ONCOLEAD_CELL_LOVO', 'SN38'})	2
frozenset({nan, 'VX803_M4344', 'SN38', 'ONCOLEAD_CELL_MDAMB231'})	2
frozenset({nan, 'SN38', 'ONCOLEAD_CELL_MDAMB435', 'VX803_M4344'})	2
frozenset({nan, 'VX803_M4344', 'SN38', 'ONCOLEAD_CELL_MDAMB436'})	2
frozenset({nan, 'ONCOLEAD_CELL_MHHES1', 'SN38', 'VX803_M4344'})	2
frozenset({nan, 'VX803_M4344', 'ONCOLEAD_CELL_MIAPACA2', 'SN38'})	2
frozenset({nan, 'VX803_M4344', 'ONCOLEAD_CELL_MV411', 'SN38'})	2
frozenset({nan, 'VX803_M4344', 'ONCOLEAD_CELL_NCIH460', 'SN38'})	2
frozenset({nan, 'SN38', 'ONCOLEAD_CELL_PANC1', 'VX803_M4344'})	2
frozenset({nan, 'VX803_M4344', 'SN38', 'ONCOLEAD_CELL_RAMOS'})	2
frozenset({nan, 'VX803_M4344', 'SN38', 'ONCOLEAD_CELL_RDES'})	2
frozenset({nan, 'SN38', 'ONCOLEAD_CELL_SAOS2', 'VX803_M4344'})	2
frozenset({nan, 'VX803_M4344', 'SN38', 'ONCOLEAD_CELL_SW620'})	2
frozenset({nan, 'VX803_M4344', 'ONCOLEAD_CELL_U2OS', 'SN38'})	2
frozenset({nan, 'ONCOLEAD_CELL_U87MG', 'SN38', 'VX803_M4344'})	2
frozenset({nan, 'SN38', 'ONCOLEAD_CELL_WSUNHL', 'VX803_M4344'})	2
frozenset({'PD0332991_Palbociclib', '40nM', 'ONCOLEAD_CELL_A204', 'VX400_M1774'})	2
frozenset({'PD0332991_Palbociclib', '40nM', 'ONCOLEAD_CELL_A549', 'VX400_M1774'})	2
frozenset({'PD0332991_Palbociclib', '40nM', 'ONCOLEAD_CELL_ASPC1', 'VX400_M1774'})	2
frozenset({'PD0332991_Palbociclib', '40nM', 'ONCOLEAD_CELL_BXPC3', 'VX400_M1774'})	2
frozenset({'PD0332991_Palbociclib', '40nM', 'VX400_M1774', 'ONCOLEAD_CELL_COLO205'})	2
frozenset({'PD0332991_Palbociclib', '40nM', 'ONCOLEAD_CELL_DU145', 'VX400_M1774'})	2
frozenset({'PD0332991_Palbociclib', '40nM', 'VX400_M1774', 'ONCOLEAD_CELL_HEPG2'})	2
frozenset({'PD0332991_Palbociclib', '40nM', 'ONCOLEAD_CELL_HL60', 'VX400_M1774'})	2
frozenset({'PD0332991_Palbociclib', '40nM', 'VX400_M1774', 'ONCOLEAD_CELL_HT1080'})	2
frozenset({'PD0332991_Palbociclib', '40nM', 'ONCOLEAD_CELL_HT29', 'VX400_M1774'})	2
frozenset({'PD0332991_Palbociclib', '40nM', 'ONCOLEAD_CELL_IGROV1', 'VX400_M1774'})	2
frozenset({'ONCOLEAD_CELL_LOVO', '40nM', 'VX400_M1774', 'PD0332991_Palbociclib'})	2
frozenset({'PD0332991_Palbociclib', '40nM', 'VX400_M1774', 'ONCOLEAD_CELL_MDAMB231'})	2
frozenset({'ONCOLEAD_CELL_MDAMB435', '40nM', 'VX400_M1774', 'PD0332991_Palbociclib'})	2
frozenset({'PD0332991_Palbociclib', '40nM', 'VX400_M1774', 'ONCOLEAD_CELL_MDAMB436'})	2
frozenset({'PD0332991_Palbociclib', '40nM', 'VX400_M1774', 'ONCOLEAD_CELL_MHHES1'})	2
frozenset({'PD0332991_Palbociclib', '40nM', 'ONCOLEAD_CELL_MIAPACA2', 'VX400_M1774'})	2
frozenset({'PD0332991_Palbociclib', '40nM', 'ONCOLEAD_CELL_MV411', 'VX400_M1774'})	2
frozenset({'PD0332991_Palbociclib', '40nM', 'ONCOLEAD_CELL_NCIH460', 'VX400_M1774'})	2
frozenset({'PD0332991_Palbociclib', '40nM', 'ONCOLEAD_CELL_PANC1', 'VX400_M1774'})	2
frozenset({'PD0332991_Palbociclib', '40nM', 'ONCOLEAD_CELL_RAMOS', 'VX400_M1774'})	2
frozenset({'PD0332991_Palbociclib', '40nM', 'VX400_M1774', 'ONCOLEAD_CELL_RDES'})	2
frozenset({'ONCOLEAD_CELL_SAOS2', '40nM', 'VX400_M1774', 'PD0332991_Palbociclib'})	2
frozenset({'PD0332991_Palbociclib', '40nM', 'VX400_M1774', 'ONCOLEAD_CELL_SW620'})	2
frozenset({'PD0332991_Palbociclib', '40nM', 'ONCOLEAD_CELL_U2OS', 'VX400_M1774'})	2
frozenset({'PD0332991_Palbociclib', '40nM', 'ONCOLEAD_CELL_U87MG', 'VX400_M1774'})	2
frozenset({'PD0332991_Palbociclib', '40nM', 'ONCOLEAD_CELL_WSUNHL', 'VX400_M1774'})	2
